{
  "roc_auc": 0.977003,
  "avg_precision": 0.837489,
  "tp": 94,
  "fp": 16,
  "fn": 29,
  "tn": 71063
}